,quality,subgroup,size_sg,size_dataset,mean_sg,mean_dataset,std_sg,std_dataset,median_sg,median_dataset,max_sg,max_dataset,min_sg,min_dataset,mean_lift,median_lift
0,12.89829915266009,embarked=C,212.0,1043.0,-0.0022344715298531718,-0.06307550526881586,0.33356671894595413,0.2649351512953447,0.11609162457087341,-0.10962261465597012,0.45395035908801185,0.45395035908801185,-0.4743829742453214,-0.4743829742453214,0.03542534491527697,-1.0590116367430666
1,2.9725453778125552,embarked=Q,50.0,1043.0,-0.0036245977125647544,-0.06307550526881586,0.23722184772266222,0.2649351512953447,0.012005914643567484,-0.10962261465597012,0.26290607584848036,0.45395035908801185,-0.2833386910057899,-0.4743829742453214,0.05746442612100221,-0.10952041858557908
2,0.0,Dataset,1043.0,1043.0,-0.06307550526881586,-0.06307550526881586,0.2649351512953447,0.2649351512953447,-0.10962261465597012,-0.10962261465597012,0.45395035908801185,0.45395035908801185,-0.4743829742453214,-0.4743829742453214,1.0,1.0
